social_class,gender,name
门阀士族,男,之
门阀士族,男,远
门阀士族,男,文
门阀士族,男,昭
门阀士族,男,明
门阀士族,男,化
门阀士族,男,贤
门阀士族,男,彦
门阀士族,男,仲
门阀士族,男,叔
门阀士族,男,季
门阀士族,男,伯
门阀士族,男,孟
门阀士族,男,元
门阀士族,男,亨
门阀士族,男,利
门阀士族,男,贞
门阀士族,男,道
门阀士族,男,玄
门阀士族,男,真
门阀士族,男,勋
门阀士族,男,元
门阀士族,男,公
门阀士族,男,陵
门阀士族,男,符
门阀士族,男,涵
门阀士族,男,衍
门阀士族,女,婉
门阀士族,女,怡
门阀士族,女,静
门阀士族,女,淑
门阀士族,女,慧
门阀士族,女,雅
门阀士族,女,娴
门阀士族,女,柔
门阀士族,女,贞
门阀士族,女,洁
门阀士族,女,机
门阀士族,女,姬
门阀士族,女,清
门阀士族,女,宜
门阀士族,女,德
门阀士族,女,思
门阀士族,女,韫
门阀士族,女,虞
庶族,男,延
庶族,男,机
庶族,男,炎
庶族,男,义
庶族,男,礼
庶族,男,智
庶族,男,信
庶族,男,朗
庶族,男,瑞
庶族,男,毅
庶族,男,宪
庶族,男,本
庶族,男,荣
庶族,男,保
庶族,男,华
庶族,男,德
庶族,男,乾
庶族,男,吉
庶族,男,安
庶族,男,民
庶族,女,姝
庶族,女,宸
庶族,女,竹
庶族,女,琴
庶族,女,芝
庶族,女,宁
庶族,女,香
庶族,女,柔
庶族,女,雅
庶族,女,菊
庶族,女,桃
庶族,女,瑶
庶族,女,妤
庶族,女,琳
寒门,男,刚
寒门,男,勇
寒门,男,虎
寒门,男,彪
寒门,男,龙
寒门,男,威
寒门,男,雄
寒门,男,猛
寒门,男,烈
寒门,男,宣
寒门,男,恩
寒门,男,粲
寒门,男,基
寒门,男,午
寒门,男,世
寒门,男,师
寒门,女,若
寒门,女,芙
寒门,女,凤
寒门,女,鸾
寒门,女,霞
寒门,女,云
寒门,女,芳
寒门,女,兰
寒门,女,怡
寒门,女,舒
寒门,女,妙
寒门,女,梅
寒门,女,菊
胡族,男,霸
胡族,男,威远
胡族,男,律
胡族,男,成及
胡族,男,萨保
胡族,男,显微
胡族,男,诺如
胡族,男,雄信
胡族,男,乐安
胡族,男,破
胡族,男,忠
胡族,男,曼殊
胡族,男,元宝
胡族,男,敬业
胡族,男,光业
胡族,男,突
胡族,男,雄奴
胡族,男,虎奴
胡族,男,骨
胡族,男,罗
胡族,男,茄保
胡族,男,力
胡族,男,羯奴
胡族,女,胡娘
胡族,女,敏娘
胡族,女,安奴
胡族,女,敏茹
胡族,女,孝女
胡族,女,佛奴
胡族,女,菩萨奴
胡族,女,婉华
胡族,女,奴
胡族,女,熙女
胡族,女,佛女
胡族,女,乞儿
胡族,女,燕
胡族,女,茄珠
平民,男,牛
平民,男,虎
平民,男,车
平民,男,福
平民,男,贵
平民,男,财
平民,男,富
平民,男,喜
平民,男,生
平民,男,升
平民,男,根
平民,男,栓
平民,男,柱
平民,男,墩
平民,男,斤
平民,男,匠
平民,男,能
平民,男,艺
平民,男,夫
平民,男,启
平民,男,仆
平民,男,长
平民,男,憨
平民,男,宽
平民,男,守
平民,男,垒
平民,男,门
平民,男,城
平民,男,伍
平民,男,武
平民,男,乐
平民,女,花
平民,女,叶
平民,女,桃
平民,女,杏
平民,女,妞
平民,女,丫
平民,女,翠
平民,女,巧
平民,女,秀
平民,女,织
平民,女,娘
平民,女,弟
平民,女,姑
平民,女,丽
平民,女,姊
平民,女,姐
平民,女,妹
平民,女,娃
平民,女,珠
平民,女,珍
平民,女,美
平民,女,鱼
